<annotation>
	<folder>stamps</folder>
	<filename>029.jpg</filename>
	<path>C:\Users\matte\Documents\Università\GroupProject\ImageCatalogingSupport\Tensorflow\workspace\images\collectedimages\stamps\029.jpg</path>
	<source>
		<database>Unknown</database>
	</source>
	<size>
		<width>1089</width>
		<height>1080</height>
		<depth>3</depth>
	</size>
	<segmented>0</segmented>
	<object>
		<name>stamp</name>
		<pose>Unspecified</pose>
		<truncated>0</truncated>
		<difficult>0</difficult>
		<bndbox>
			<xmin>341</xmin>
			<ymin>556</ymin>
			<xmax>555</xmax>
			<ymax>764</ymax>
		</bndbox>
	</object>
	<object>
		<name>stamp</name>
		<pose>Unspecified</pose>
		<truncated>0</truncated>
		<difficult>0</difficult>
		<bndbox>
			<xmin>657</xmin>
			<ymin>458</ymin>
			<xmax>860</xmax>
			<ymax>653</ymax>
		</bndbox>
	</object>
	<object>
		<name>stamp</name>
		<pose>Unspecified</pose>
		<truncated>0</truncated>
		<difficult>0</difficult>
		<bndbox>
			<xmin>714</xmin>
			<ymin>208</ymin>
			<xmax>917</xmax>
			<ymax>411</ymax>
		</bndbox>
	</object>
	<object>
		<name>stamp</name>
		<pose>Unspecified</pose>
		<truncated>0</truncated>
		<difficult>0</difficult>
		<bndbox>
			<xmin>936</xmin>
			<ymin>130</ymin>
			<xmax>1057</xmax>
			<ymax>317</ymax>
		</bndbox>
	</object>
	<object>
		<name>stamp</name>
		<pose>Unspecified</pose>
		<truncated>0</truncated>
		<difficult>0</difficult>
		<bndbox>
			<xmin>946</xmin>
			<ymin>566</ymin>
			<xmax>1047</xmax>
			<ymax>754</ymax>
		</bndbox>
	</object>
</annotation>
