<annotation>
	<folder>stamps</folder>
	<filename>13.jpg</filename>
	<path>C:\Users\matte\Documents\Università\GroupProject\ImageCatalogingSupport\Tensorflow\workspace\images\collectedimages\stamps\13.jpg</path>
	<source>
		<database>Unknown</database>
	</source>
	<size>
		<width>1773</width>
		<height>2593</height>
		<depth>3</depth>
	</size>
	<segmented>0</segmented>
	<object>
		<name>stamp</name>
		<pose>Unspecified</pose>
		<truncated>0</truncated>
		<difficult>0</difficult>
		<bndbox>
			<xmin>1271</xmin>
			<ymin>637</ymin>
			<xmax>1526</xmax>
			<ymax>910</ymax>
		</bndbox>
	</object>
</annotation>
