<annotation>
	<folder>stamps</folder>
	<filename>2.jpg</filename>
	<path>C:\Users\matte\Documents\Università\GroupProject\ImageCatalogingSupport\Tensorflow\workspace\images\collectedimages\stamps\2.jpg</path>
	<source>
		<database>Unknown</database>
	</source>
	<size>
		<width>1691</width>
		<height>2541</height>
		<depth>3</depth>
	</size>
	<segmented>0</segmented>
	<object>
		<name>stamp</name>
		<pose>Unspecified</pose>
		<truncated>0</truncated>
		<difficult>0</difficult>
		<bndbox>
			<xmin>16</xmin>
			<ymin>600</ymin>
			<xmax>510</xmax>
			<ymax>959</ymax>
		</bndbox>
	</object>
	<object>
		<name>stamp</name>
		<pose>Unspecified</pose>
		<truncated>0</truncated>
		<difficult>0</difficult>
		<bndbox>
			<xmin>2</xmin>
			<ymin>903</ymin>
			<xmax>252</xmax>
			<ymax>1209</ymax>
		</bndbox>
	</object>
</annotation>
