<annotation>
	<folder>faces</folder>
	<filename>22.jpg</filename>
	<path>C:\Users\matte\Documents\Università\GroupProject\ImageCatalogingSupport\Tensorflow\workspace\images\collectedimages\faces\22.jpg</path>
	<source>
		<database>Unknown</database>
	</source>
	<size>
		<width>2299</width>
		<height>1031</height>
		<depth>3</depth>
	</size>
	<segmented>0</segmented>
	<object>
		<name>face</name>
		<pose>Unspecified</pose>
		<truncated>0</truncated>
		<difficult>0</difficult>
		<bndbox>
			<xmin>243</xmin>
			<ymin>284</ymin>
			<xmax>606</xmax>
			<ymax>621</ymax>
		</bndbox>
	</object>
	<object>
		<name>face</name>
		<pose>Unspecified</pose>
		<truncated>0</truncated>
		<difficult>0</difficult>
		<bndbox>
			<xmin>976</xmin>
			<ymin>52</ymin>
			<xmax>1354</xmax>
			<ymax>505</ymax>
		</bndbox>
	</object>
	<object>
		<name>face</name>
		<pose>Unspecified</pose>
		<truncated>0</truncated>
		<difficult>0</difficult>
		<bndbox>
			<xmin>1668</xmin>
			<ymin>73</ymin>
			<xmax>2142</xmax>
			<ymax>549</ymax>
		</bndbox>
	</object>
</annotation>
