<annotation>
	<folder>stamps</folder>
	<filename>29.jpg</filename>
	<path>C:\Users\matte\Documents\Università\GroupProject\ImageCatalogingSupport\Tensorflow\workspace\images\collectedimages\stamps\29.jpg</path>
	<source>
		<database>Unknown</database>
	</source>
	<size>
		<width>1517</width>
		<height>2208</height>
		<depth>3</depth>
	</size>
	<segmented>0</segmented>
	<object>
		<name>stamp</name>
		<pose>Unspecified</pose>
		<truncated>0</truncated>
		<difficult>0</difficult>
		<bndbox>
			<xmin>871</xmin>
			<ymin>713</ymin>
			<xmax>1387</xmax>
			<ymax>1075</ymax>
		</bndbox>
	</object>
</annotation>
