<annotation>
	<folder>faces</folder>
	<filename>34.jpg</filename>
	<path>C:\Users\matte\Documents\Università\GroupProject\ImageCatalogingSupport\Tensorflow\workspace\images\collectedimages\faces\34.jpg</path>
	<source>
		<database>Unknown</database>
	</source>
	<size>
		<width>1833</width>
		<height>1404</height>
		<depth>3</depth>
	</size>
	<segmented>0</segmented>
	<object>
		<name>face</name>
		<pose>Unspecified</pose>
		<truncated>0</truncated>
		<difficult>0</difficult>
		<bndbox>
			<xmin>158</xmin>
			<ymin>126</ymin>
			<xmax>455</xmax>
			<ymax>491</ymax>
		</bndbox>
	</object>
</annotation>
