<annotation>
	<folder>faces</folder>
	<filename>45.jpg</filename>
	<path>C:\Users\matte\Documents\Università\GroupProject\ImageCatalogingSupport\Tensorflow\workspace\images\collectedimages\faces\45.jpg</path>
	<source>
		<database>Unknown</database>
	</source>
	<size>
		<width>715</width>
		<height>902</height>
		<depth>3</depth>
	</size>
	<segmented>0</segmented>
	<object>
		<name>face</name>
		<pose>Unspecified</pose>
		<truncated>0</truncated>
		<difficult>0</difficult>
		<bndbox>
			<xmin>146</xmin>
			<ymin>22</ymin>
			<xmax>531</xmax>
			<ymax>474</ymax>
		</bndbox>
	</object>
</annotation>
