<annotation>
	<folder>faces</folder>
	<filename>49.jpg</filename>
	<path>C:\Users\matte\Documents\Università\GroupProject\ImageCatalogingSupport\Tensorflow\workspace\images\collectedimages\faces\49.jpg</path>
	<source>
		<database>Unknown</database>
	</source>
	<size>
		<width>1420</width>
		<height>892</height>
		<depth>3</depth>
	</size>
	<segmented>0</segmented>
	<object>
		<name>face</name>
		<pose>Unspecified</pose>
		<truncated>0</truncated>
		<difficult>0</difficult>
		<bndbox>
			<xmin>214</xmin>
			<ymin>221</ymin>
			<xmax>425</xmax>
			<ymax>418</ymax>
		</bndbox>
	</object>
	<object>
		<name>face</name>
		<pose>Unspecified</pose>
		<truncated>0</truncated>
		<difficult>0</difficult>
		<bndbox>
			<xmin>648</xmin>
			<ymin>190</ymin>
			<xmax>863</xmax>
			<ymax>449</ymax>
		</bndbox>
	</object>
	<object>
		<name>face</name>
		<pose>Unspecified</pose>
		<truncated>0</truncated>
		<difficult>0</difficult>
		<bndbox>
			<xmin>1022</xmin>
			<ymin>301</ymin>
			<xmax>1298</xmax>
			<ymax>556</ymax>
		</bndbox>
	</object>
</annotation>
