<annotation>
	<folder>stamps</folder>
	<filename>53.jpg</filename>
	<path>C:\Users\matte\Documents\Università\GroupProject\ImageCatalogingSupport\Tensorflow\workspace\images\collectedimages\stamps\53.jpg</path>
	<source>
		<database>Unknown</database>
	</source>
	<size>
		<width>2044</width>
		<height>2864</height>
		<depth>3</depth>
	</size>
	<segmented>0</segmented>
	<object>
		<name>stamp</name>
		<pose>Unspecified</pose>
		<truncated>0</truncated>
		<difficult>0</difficult>
		<bndbox>
			<xmin>158</xmin>
			<ymin>900</ymin>
			<xmax>542</xmax>
			<ymax>1285</ymax>
		</bndbox>
	</object>
</annotation>
