<annotation>
	<folder>faces</folder>
	<filename>63.jpg</filename>
	<path>C:\Users\matte\Documents\Università\GroupProject\ImageCatalogingSupport\Tensorflow\workspace\images\collectedimages\faces\63.jpg</path>
	<source>
		<database>Unknown</database>
	</source>
	<size>
		<width>903</width>
		<height>1260</height>
		<depth>1</depth>
	</size>
	<segmented>0</segmented>
	<object>
		<name>face</name>
		<pose>Unspecified</pose>
		<truncated>0</truncated>
		<difficult>0</difficult>
		<bndbox>
			<xmin>301</xmin>
			<ymin>245</ymin>
			<xmax>634</xmax>
			<ymax>650</ymax>
		</bndbox>
	</object>
</annotation>
