<annotation>
	<folder>stamps</folder>
	<filename>73.jpg</filename>
	<path>C:\Users\matte\Documents\Università\GroupProject\ImageCatalogingSupport\Tensorflow\workspace\images\collectedimages\stamps\73.jpg</path>
	<source>
		<database>Unknown</database>
	</source>
	<size>
		<width>2215</width>
		<height>3149</height>
		<depth>3</depth>
	</size>
	<segmented>0</segmented>
	<object>
		<name>stamp</name>
		<pose>Unspecified</pose>
		<truncated>0</truncated>
		<difficult>0</difficult>
		<bndbox>
			<xmin>867</xmin>
			<ymin>316</ymin>
			<xmax>1219</xmax>
			<ymax>688</ymax>
		</bndbox>
	</object>
</annotation>
