<annotation>
	<folder>stamps</folder>
	<filename>77.jpg</filename>
	<path>C:\Users\matte\Documents\Università\GroupProject\ImageCatalogingSupport\Tensorflow\workspace\images\collectedimages\stamps\77.jpg</path>
	<source>
		<database>Unknown</database>
	</source>
	<size>
		<width>2109</width>
		<height>3073</height>
		<depth>3</depth>
	</size>
	<segmented>0</segmented>
	<object>
		<name>stamp</name>
		<pose>Unspecified</pose>
		<truncated>0</truncated>
		<difficult>0</difficult>
		<bndbox>
			<xmin>1256</xmin>
			<ymin>500</ymin>
			<xmax>1729</xmax>
			<ymax>780</ymax>
		</bndbox>
	</object>
</annotation>
