<annotation>
	<folder>stamps</folder>
	<filename>91.jpg</filename>
	<path>C:\Users\matte\Documents\Università\GroupProject\ImageCatalogingSupport\Tensorflow\workspace\images\collectedimages\stamps\91.jpg</path>
	<source>
		<database>Unknown</database>
	</source>
	<size>
		<width>1726</width>
		<height>2392</height>
		<depth>3</depth>
	</size>
	<segmented>0</segmented>
	<object>
		<name>stamp</name>
		<pose>Unspecified</pose>
		<truncated>0</truncated>
		<difficult>0</difficult>
		<bndbox>
			<xmin>92</xmin>
			<ymin>806</ymin>
			<xmax>420</xmax>
			<ymax>1137</ymax>
		</bndbox>
	</object>
	<object>
		<name>stamp</name>
		<pose>Unspecified</pose>
		<truncated>0</truncated>
		<difficult>0</difficult>
		<bndbox>
			<xmin>805</xmin>
			<ymin>775</ymin>
			<xmax>1397</xmax>
			<ymax>1198</ymax>
		</bndbox>
	</object>
</annotation>
