<annotation>
	<folder>face</folder>
	<filename>f_1.jpg</filename>
	<path>C:\Users\matte\Documents\Università\GroupProject\ImageCatalogingSupportV2\Tensorflow\workspace\images\collectedimages\face\f_1.jpg</path>
	<source>
		<database>Unknown</database>
	</source>
	<size>
		<width>1039</width>
		<height>677</height>
		<depth>1</depth>
	</size>
	<segmented>0</segmented>
	<object>
		<name>face</name>
		<pose>Unspecified</pose>
		<truncated>0</truncated>
		<difficult>0</difficult>
		<bndbox>
			<xmin>213</xmin>
			<ymin>63</ymin>
			<xmax>320</xmax>
			<ymax>160</ymax>
		</bndbox>
	</object>
	<object>
		<name>face</name>
		<pose>Unspecified</pose>
		<truncated>0</truncated>
		<difficult>0</difficult>
		<bndbox>
			<xmin>329</xmin>
			<ymin>39</ymin>
			<xmax>415</xmax>
			<ymax>130</ymax>
		</bndbox>
	</object>
	<object>
		<name>face</name>
		<pose>Unspecified</pose>
		<truncated>0</truncated>
		<difficult>0</difficult>
		<bndbox>
			<xmin>454</xmin>
			<ymin>11</ymin>
			<xmax>523</xmax>
			<ymax>99</ymax>
		</bndbox>
	</object>
	<object>
		<name>face</name>
		<pose>Unspecified</pose>
		<truncated>0</truncated>
		<difficult>0</difficult>
		<bndbox>
			<xmin>543</xmin>
			<ymin>62</ymin>
			<xmax>641</xmax>
			<ymax>152</ymax>
		</bndbox>
	</object>
</annotation>
