<annotation>
	<folder>face</folder>
	<filename>f_3.JPG</filename>
	<path>C:\Users\matte\Documents\Università\GroupProject\ImageCatalogingSupportV2\Tensorflow\workspace\images\collectedimages\face\f_3.JPG</path>
	<source>
		<database>Unknown</database>
	</source>
	<size>
		<width>413</width>
		<height>987</height>
		<depth>3</depth>
	</size>
	<segmented>0</segmented>
	<object>
		<name>face</name>
		<pose>Unspecified</pose>
		<truncated>0</truncated>
		<difficult>0</difficult>
		<bndbox>
			<xmin>200</xmin>
			<ymin>44</ymin>
			<xmax>299</xmax>
			<ymax>174</ymax>
		</bndbox>
	</object>
</annotation>
