<annotation>
	<folder>stamp</folder>
	<filename>s_7.jpg</filename>
	<path>C:\Users\matte\Documents\Università\GroupProject\ImageCatalogingSupportV2\Tensorflow\workspace\images\collectedimages\stamp\s_7.jpg</path>
	<source>
		<database>Unknown</database>
	</source>
	<size>
		<width>1193</width>
		<height>965</height>
		<depth>3</depth>
	</size>
	<segmented>0</segmented>
	<object>
		<name>stamp</name>
		<pose>Unspecified</pose>
		<truncated>0</truncated>
		<difficult>0</difficult>
		<bndbox>
			<xmin>311</xmin>
			<ymin>355</ymin>
			<xmax>736</xmax>
			<ymax>782</ymax>
		</bndbox>
	</object>
</annotation>
