<annotation>
	<folder>stamp</folder>
	<filename>s_8.jpg</filename>
	<path>C:\Users\matte\Documents\Università\GroupProject\ImageCatalogingSupportV2\Tensorflow\workspace\images\collectedimages\stamp\s_8.jpg</path>
	<source>
		<database>Unknown</database>
	</source>
	<size>
		<width>2177</width>
		<height>2985</height>
		<depth>3</depth>
	</size>
	<segmented>0</segmented>
	<object>
		<name>stamp</name>
		<pose>Unspecified</pose>
		<truncated>0</truncated>
		<difficult>0</difficult>
		<bndbox>
			<xmin>367</xmin>
			<ymin>934</ymin>
			<xmax>735</xmax>
			<ymax>1308</ymax>
		</bndbox>
	</object>
</annotation>
